CUSTOMS_ID,ORDER_ID,CONTAINER_ID,COUNTRY,INSPECTION_STATUS,TARRIF_RATE,TARRIF_PRICE,CURRENCY_CODE,HS_CODE
CM720,OR5850,CT477,Cote d'Ivoire,Cleared,2.7%,247.72,Â¥,3426255297
CM347,OR7059,CT403,Uruguay,Pending,0.2%,28.58,$,2567078779
CM765,OR6113,CT404,UK,Cleared,1.4%,150.26,Â£,2522370047
CM895,OR6316,CT507,Tajikistan,Held,10.9%,262.84,Â£,5442241565
CM342,OR6780,CT468,Equatorial Guinea,Pending,0.5%,42.58,$,7882525177
CM067,OR7425,CT434,St. Martin,Held,13.6%,397.33,Â£,2156502670
CM695,OR7073,CT591,Islandia,Pending,0.2%,67.1,Â¥,1293741434
CM604,OR7652,CT448,Germany,Held,1.0%,48.94,Â£,4974201984
CM500,OR5718,CT589,UK,Pending,1.0%,15.93,Â£,1436676999
CM955,OR6237,CT403,Marshall Islands,Held,6.4%,132.01,â¬,5653856478
CM042,OR7553,CT423,Territorio dell'arcipelago indiano,Pending,5.2%,170.16,Â¥,8660941829
CM809,OR7853,CT457,Zimbabwe,Pending,6.3%,157.88,Â¥,4409513369
CM262,OR6457,CT534,Bouvet Island (Bouvetoya),Pending,8.3%,183.88,Â£,1481435117
CM077,OR6960,CT437,UK,Cleared,11.1%,228.61,Â£,6058059918
CM680,OR5767,CT574,Germany,Held,10.9%,619.46,Â¥,6016292194
CM407,OR6694,CT593,Alandinseln,Pending,6.3%,255.28,â¬,4135325956
CM178,OR6561,CT439,Republica Dominicana,Pending,4.6%,330.13,Â¥,3174309822
CM734,OR5876,CT437,Niger,Pending,8.5%,727.48,â¬,1449009775
CM439,OR5759,CT430,UK,Cleared,10.1%,77.09,Â¥,1614058202
CM385,OR7796,CT417,UK,Pending,4.1%,184.48,â¬,6942834715
CM711,OR5743,CT577,Noruega,Pending,24.0%,535.54,â¬,1718945467
CM798,OR5769,CT499,Republica Unida de Tanzania,Held,10.7%,253.11,Â¥,2381218569
CM972,OR6823,CT458,United Kingdom,Held,1.6%,91.06,Â£,9793928670
CM941,OR6389,CT525,Simbabwe,Pending,3.0%,97.26,Â¥,7177004643
CM263,OR7948,CT574,Kenya,Pending,3.3%,904.29,Â£,2738949099
CM257,OR6813,CT432,Saint-Pierre en Miquelon,Cleared,1.4%,16.13,Â¥,4450064944
CM005,OR6685,CT559,Isole Norfolk,Held,6.7%,183.7,Â¥,6100370367
CM022,OR6952,CT456,Sudan,Held,14.6%,85.81,Â£,6784208882
CM240,OR7579,CT556,Burundi,Cleared,1.0%,71.16,Â£,7915097102
CM112,OR6073,CT466,UK,Pending,0.9%,91.86,Â£,7634770593
CM013,OR7192,CT532,Denmark,Pending,0.9%,33.66,$,2518503402
CM297,OR6301,CT437,United States of America,Pending,1.3%,16.92,$,4653627361
CM872,OR6417,CT549,UK,Cleared,9.6%,245.88,Â£,8806711589
CM806,OR6898,CT507,Niger,Pending,5.0%,1027.42,$,3091496979
CM019,OR6869,CT497,Samoa,Cleared,8.8%,39014.8,$,1425401049
CM898,OR6378,CT461,Bouvet Island (Bouvetoya),Cleared,3.6%,195.56,$,1170629428
CM115,OR6469,CT482,Mauritania,Held,4.8%,133.2,$,8079587754
CM910,OR7168,CT426,Wallis and Futuna,Pending,14.6%,141.49,Â£,1667608550
CM325,OR7386,CT546,Jordan,Cleared,0.4%,68.48,Â¥,9110274034
CM814,OR6839,CT494,UK,Pending,1.9%,2.08,â¬,7235189770
CM579,OR6775,CT592,Nigeria,Held,7.1%,406.74,Â¥,5674642540
CM822,OR7338,CT521,Guatemala,Held,3.2%,1.07,â¬,2780136653
CM144,OR6599,CT482,Senegal,Cleared,0.9%,33.47,Â£,3153053755
CM109,OR6321,CT412,Cookeilanden,Held,5.1%,16.69,Â£,1156182143
CM937,OR6140,CT413,UK,Cleared,5.6%,33.62,$,3410255582
CM540,OR7704,CT589,Ilhas Marshall,Cleared,1.8%,351.65,$,2615090008
CM920,OR7793,CT429,UK,Cleared,2.4%,352.28,$,3506121832
CM477,OR7439,CT407,Gibraltar,Pending,10.3%,311.01,Â£,1994762173
CM496,OR6144,CT597,Islandia,Held,14.0%,709.39,â¬,2250752284
CM424,OR6945,CT571,Greece,Held,0.5%,33.03,Â£,3411955936
CM069,OR6469,CT580,Peru,Pending,7.0%,131.63,â¬,4612750596
CM324,OR7273,CT547,Brazilie,Held,20.4%,81.95,Â¥,2249404161
CM954,OR7774,CT524,Brunei Darussalam,Pending,3.3%,180.2,$,4421496380
CM813,OR6437,CT452,Saudi Arabia,Pending,0.1%,9.5,$,9797750412
CM231,OR5898,CT434,Thailand,Cleared,5.5%,32.59,Â£,7400656698
CM405,OR5747,CT505,Amerikanisch-Samoa,Cleared,3.6%,329.17,â¬,3585989384
CM966,OR5805,CT463,Ilha Bouvet,Pending,5.3%,208.92,â¬,6825791281
CM554,OR5995,CT437,UK,Held,4.6%,675.68,$,9198042616
CM480,OR6185,CT447,Pakistan,Pending,14.9%,394.73,Â¥,1853928786
CM938,OR6178,CT419,UK,Pending,7.8%,182.53,Â£,1334163609
CM969,OR7512,CT446,Syrian Arab Republic,Held,8.7%,791.96,Â¥,8986723751
CM907,OR6503,CT514,Maldives,Held,11.0%,414.01,â¬,1764404655
CM368,OR7324,CT412,UK,Cleared,10.5%,270.92,$,5814277194
CM830,OR6307,CT565,Congo-Kinshasa,Pending,4.5%,576.82,Â£,2654111529
CM152,OR6611,CT496,Saint Vincent en de Grenadines,Pending,3.3%,269.98,â¬,1485294998
CM062,OR6337,CT480,Moldova,Cleared,7.7%,294,$,4492538650
CM192,OR6968,CT586,Paraguay,Held,3.1%,125.91,Â£,2725180614
CM563,OR5752,CT472,Christmaseiland,Held,7.3%,749.47,$,7702293145
CM945,OR6728,CT426,Palestina,Held,0.7%,199.61,Â£,9512676197
CM208,OR5957,CT488,UK,Cleared,7.5%,306.73,$,1526605053
CM220,OR7636,CT522,Svalbard & Jan Mayen Islands,Pending,2.5%,1448.34,Â¥,9328849227
CM519,OR7682,CT425,UK,Cleared,4.4%,43.75,â¬,2529179917
CM666,OR6830,CT455,UK,Pending,1.0%,148.5,$,8064845145
CM210,OR7640,CT457,Montserrat,Cleared,9.9%,717,$,9968019752
CM099,OR6784,CT538,Gibraltar,Cleared,6.8%,728.73,Â¥,7372942777
CM703,OR6983,CT527,Ireland,Cleared,5.1%,437.45,Â£,4206129719
CM169,OR7403,CT520,UK,Held,6.8%,1047.25,Â¥,8673830778
CM816,OR6789,CT522,UK,Held,1.5%,61.42,â¬,4502527958
CM055,OR6095,CT479,Singapore,Cleared,2.3%,159.31,Â¥,7645340517
CM341,OR5747,CT471,Algerije,Held,4.4%,880.77,Â£,2530813884
CM784,OR6259,CT570,Hong Kong,Cleared,3.9%,2887.33,â¬,7462178790
CM914,OR5715,CT548,UK,Cleared,7.2%,322.16,Â¥,4380911563
CM848,OR7784,CT574,Nigeria,Cleared,1.5%,10.69,Â£,1126961243
CM924,OR5999,CT597,Libyan Arab Jamahiriya,Pending,1.2%,56.53,Â¥,9112139682
CM864,OR7961,CT518,Faroe Islands,Pending,4.1%,308.03,$,9543458226
CM049,OR5705,CT428,Samoa,Held,3.2%,58.19,Â¥,9443040847
CM556,OR7354,CT483,Aruba,Pending,10.5%,123.19,$,5859808070
CM273,OR7941,CT441,UK,Pending,7.7%,112.47,$,4687598985
CM957,OR7172,CT531,Cambodge,Pending,20.4%,252.83,Â¥,2259786704
CM323,OR5777,CT417,Greece,Pending,1.0%,44.94,Â¥,9956381426
CM832,OR7447,CT555,Namibia,Cleared,0.6%,32.42,Â¥,7097049723
CM087,OR6980,CT522,St. Lucia,Cleared,6.7%,230.83,$,5503501198
CM834,OR7018,CT463,UK,Pending,1.8%,2.65,Â£,8526343078
CM778,OR6835,CT435,Singapour,Held,7.9%,1368.48,Â¥,1517450737
CM696,OR7455,CT528,UK,Pending,1.4%,34.45,$,9230180272
CM254,OR6318,CT543,Dominicana,Cleared,8.8%,2318.01,Â£,9931475335
CM040,OR5809,CT428,Republica Democratica Popular Lao,Held,12.7%,108.05,Â£,6691937363
CM108,OR6536,CT443,Burquina Faso,Cleared,6.8%,41.36,Â¥,2124933933
CM489,OR7524,CT402,South Georgia and the South Sandwich Islands,Held,4.0%,185.08,â¬,8625258901
CM708,OR6173,CT550,Moldova,Cleared,1.8%,28.23,â¬,9174940515
CM343,OR6318,CT586,Suriname,Held,6.8%,110.01,$,4292242344
CM475,OR6929,CT501,Macedonia,Held,5.9%,515.56,$,4943081955
CM374,OR7273,CT410,Senegal,Held,2.5%,78.96,$,8932149193
CM175,OR6737,CT571,Ilhas Marshall,Cleared,1.9%,16.83,$,8714411227
CM565,OR6933,CT575,Cyprus,Pending,2.3%,41.35,$,3647045206
CM849,OR6719,CT408,Wallis and Futuna,Held,0.4%,40.24,Â¥,9711892828
CM835,OR6718,CT504,Honduras,Pending,5.9%,1113.75,Â¥,8404726524
CM926,OR5845,CT411,Cap Vert,Cleared,0.4%,1772.16,â¬,7436023396
CM249,OR7707,CT529,Maroc,Held,8.6%,256.44,$,4374153382
CM882,OR6804,CT526,Georgia del sud e South Sandwich Islands,Held,5.0%,298.8,Â£,7969535898
CM364,OR7286,CT472,Jordanien,Pending,0.8%,13.94,â¬,6812116552
CM942,OR7883,CT578,Kanada,Held,2.7%,208.87,$,8679059474
CM584,OR7582,CT528,Aueres Ozeanien,Pending,8.3%,165.4,Â¥,6042887587
CM130,OR6549,CT590,UK,Pending,6.2%,3.83,Â£,8831726378
CM883,OR6411,CT410,Israel,Held,4.7%,373.08,â¬,9421289677
CM305,OR6096,CT409,UK,Pending,0.7%,10.59,Â£,8812710573
CM293,OR5924,CT495,Mayotte,Pending,11.7%,395.51,Â¥,1897630336
CM961,OR7736,CT405,Madagascar,Pending,7.8%,752.25,$,6026393377
CM072,OR6604,CT592,UK,Pending,9.8%,540.27,â¬,5671106924
CM127,OR6269,CT589,Jersey,Held,5.6%,2.13,Â¥,8284857229
CM386,OR6734,CT426,UK,Cleared,22.8%,994.83,Â£,2471687407
CM277,OR6853,CT469,Mexico,Cleared,11.2%,571.9,$,1959473040
CM083,OR6044,CT497,Schweiz,Held,11.8%,1.49,Â¥,6458472721
CM532,OR7014,CT498,Mexico,Pending,2.1%,73.45,Â¥,3807265290
CM008,OR7047,CT486,Turkey,Cleared,1.8%,48.73,Â£,8609200757
CM868,OR7824,CT489,Norway,Pending,1.3%,1925.43,Â¥,3398558931
CM105,OR7167,CT403,Saudi Arabia,Pending,4.0%,2.86,$,7183342307
CM632,OR7274,CT451,Lao People's Democratic Republic,Held,11.5%,690.17,Â£,5454438165
CM850,OR7596,CT584,Sao Tome and Principe,Cleared,10.4%,20.26,Â£,5691696545
CM719,OR7637,CT506,Palau,Held,1.4%,53.08,Â£,3534487200
CM116,OR6069,CT535,Kenia,Cleared,5.6%,144.88,Â£,5969379425
CM564,OR7231,CT424,Burkina Faso,Cleared,4.9%,87.67,â¬,3380162371
CM286,OR7628,CT515,Mongolia,Pending,2.0%,113.07,Â£,9795580357
CM335,OR7431,CT453,Suede,Cleared,8.2%,268.07,â¬,5922939273
CM373,OR7673,CT428,Croatia,Held,8.9%,737.74,â¬,6022733142
CM408,OR6232,CT413,Kaapverdie,Cleared,11.4%,289.25,â¬,2276828776
CM812,OR5998,CT400,Rwanda,Held,0.3%,31.21,Â¥,3417146425
CM106,OR6715,CT564,Wallis and Futuna,Held,3.3%,54.12,â¬,2511646287
CM363,OR5980,CT554,Mexico,Cleared,4.1%,235.47,â¬,7536581262
CM295,OR6000,CT536,Christmas (Ile),Cleared,8.0%,284.14,â¬,8280037054
CM463,OR7101,CT546,Zambia,Cleared,5.2%,250.31,Â¥,1093209241
CM782,OR6449,CT470,UK,Cleared,0.9%,64.82,$,1282628302
CM909,OR6914,CT457,Mongolia,Held,21.3%,479.54,Â£,2007209387
CM212,OR7004,CT582,Sao Tome en Principe,Cleared,3.8%,559.95,$,3487263068
CM414,OR5754,CT591,Cocos (Keeling) Islands,Held,10.9%,66.41,â¬,5392253726
CM702,OR6091,CT578,Marshalleilanden,Pending,7.6%,127.04,Â£,1385461718
CM547,OR7246,CT571,Swazilandia,Pending,7.6%,678.22,Â¥,6145562874
CM000,OR6626,CT560,UK,Pending,5.7%,7.17,â¬,5644762858
CM426,OR6088,CT593,Argentina,Cleared,11.4%,1548.31,$,5766032142
CM344,OR6648,CT575,UK,Pending,5.9%,1270.86,Â£,2978511471
CM775,OR7552,CT441,UK,Held,22.0%,333.64,$,2453809148
CM290,OR6247,CT448,Holy See (Vatican City State),Pending,2.6%,294.67,â¬,2833245493
CM746,OR6826,CT547,Cote d'Ivoire,Held,1.2%,3.25,Â£,7521785142
CM912,OR5830,CT563,Zimbabwe,Cleared,3.3%,254.85,$,6820123865
CM472,OR6946,CT559,Sudan,Cleared,0.6%,80.96,$,1221418764
CM987,OR7016,CT542,Swazilandia,Cleared,5.2%,144.55,Â¥,5840114104
CM575,OR5958,CT527,Montserrat,Pending,3.4%,278.79,$,9233109608
CM238,OR7021,CT586,Papoea-Nieuw-Guinea,Held,5.9%,62.72,$,5589365305
CM032,OR7836,CT466,Timor,Pending,10.0%,73.54,Â£,6278954817
CM799,OR6288,CT446,Swaziland,Pending,5.3%,345.72,$,4674597228
CM288,OR7089,CT591,Falklandeilanden,Held,0.9%,86.39,$,2734076318
CM899,OR7753,CT544,Liberia,Pending,3.6%,483.18,$,9717697011
CM639,OR6822,CT508,El Salvador,Cleared,2.7%,669.6,$,7635815028
CM279,OR7833,CT453,Senegal,Held,8.8%,542.35,â¬,4231022171
CM932,OR5747,CT470,Cook (Iles),Held,7.6%,961.98,Â¥,8172362106
CM896,OR6251,CT507,Iceland,Held,7.5%,503.68,$,4473455185
CM146,OR6479,CT529,Uzbekistan,Pending,8.2%,3.33,Â£,4068326894
CM207,OR6405,CT498,Noorwegen,Pending,5.2%,910.09,Â¥,9042740224
CM683,OR6417,CT404,Malta,Cleared,7.2%,261.75,â¬,4214019099
CM406,OR7111,CT587,Island,Cleared,2.0%,113.99,Â¥,8274189948
CM041,OR6198,CT413,Somalia,Held,10.5%,49.02,$,5556886226
CM761,OR7612,CT596,Japan,Pending,0.7%,18.96,$,3194094483
CM520,OR7998,CT526,Canada,Pending,6.2%,421.21,Â¥,1578622359
CM440,OR7340,CT589,UK,Pending,0.6%,95.39,Â¥,7886108863
CM448,OR7753,CT493,Saint Vincent et les Grenadines,Pending,9.9%,279.75,Â¥,6293536807
CM936,OR7963,CT440,UK,Pending,5.6%,238.77,â¬,3403874387
CM808,OR7468,CT548,Sahara Occidental,Pending,8.8%,250.66,$,4058040409
CM934,OR5705,CT583,Colombia,Held,2.9%,318.16,Â£,3158166323
CM400,OR6138,CT526,Italy,Pending,0.0%,0,Â£,1292046256
CM502,OR7033,CT499,UK,Pending,11.9%,302.55,Â£,5134378735
CM126,OR7582,CT436,UK,Held,8.1%,375.69,$,6181807274
CM114,OR6123,CT592,Cyprus,Held,5.5%,131.42,â¬,7690895431
CM598,OR7747,CT404,Saint Martin,Pending,9.6%,66.53,â¬,8739097487
CM723,OR6351,CT512,India,Cleared,0.7%,91.12,Â¥,8280535518
CM255,OR7581,CT530,Guadeloupe,Cleared,18.6%,219.71,â¬,1908211210
CM497,OR7098,CT475,United Arab Emirates,Pending,16.8%,505.32,â¬,2283888671
CM236,OR7274,CT439,UK,Cleared,8.1%,276.18,Â£,4088273810
CM510,OR7874,CT413,Benin,Cleared,4.6%,279.17,â¬,7940317895
CM525,OR6964,CT559,Maldive,Held,2.9%,202.09,Â¥,7473758447
CM148,OR6283,CT595,Gabon,Cleared,11.3%,173.7,$,5406815411
CM486,OR6364,CT537,Fiji,Pending,0.5%,22.27,Â£,3161297758
CM504,OR7147,CT459,UK,Cleared,2.3%,116.56,â¬,7692168482
CM984,OR7993,CT418,Uzbekistan,Held,3.1%,276.07,Â¥,3640997044
CM748,OR7807,CT506,Antigua e Barbuda,Held,23.9%,612.93,Â£,1987623525
CM316,OR6250,CT420,UK,Pending,15.0%,241.62,Â£,1682604876
CM219,OR6728,CT443,Nordliche Marianen,Cleared,7.3%,142.38,â¬,1276428622
CM514,OR7620,CT522,British Indian Ocean Territory (Chagos Archipelago),Cleared,3.3%,259.6,â¬,8331744245
CM134,OR6726,CT565,Lao People's Democratic Republic,Pending,2.6%,69.94,Â¥,8849660112
CM901,OR6573,CT411,Britische Jungferninseln,Held,10.2%,148.51,Â¥,6163803210
CM873,OR7396,CT460,China,Cleared,8.8%,291.08,â¬,8714504318
CM589,OR6331,CT493,Australia,Pending,8.1%,6038.55,$,5315312193
CM437,OR7440,CT461,Swaziland,Pending,6.2%,260.98,Â£,7392216424
CM721,OR7350,CT422,Bermudes (Les),Cleared,8.4%,3.94,â¬,5625735107
CM940,OR7130,CT458,Myanmar,Pending,0.7%,38,$,7827912896
CM566,OR7018,CT542,Saint-Barthelemy,Held,11.0%,433.64,Â£,5348110507
CM858,OR7830,CT576,Germany,Cleared,8.1%,518.21,$,1905935672
CM176,OR6929,CT404,Bahamas,Pending,10.1%,2732.18,$,5628352592
CM622,OR6922,CT580,Saint Pierre and Miquelon,Pending,7.7%,680.63,$,8363573147
CM714,OR6131,CT549,Ukraine,Pending,7.2%,73.87,$,7043118055
CM251,OR7685,CT475,Paraguay,Cleared,3.6%,353,Â¥,9566381651
CM572,OR7433,CT515,Vaticaanstad,Cleared,5.5%,175.93,Â£,4317480582
CM783,OR6555,CT526,UK,Cleared,3.0%,273.2,Â£,2506995056
CM132,OR6590,CT475,Montserrat,Held,7.0%,403.2,$,9818166562
CM163,OR6203,CT441,Reunion,Held,9.7%,172.9,â¬,5369097473
CM292,OR6369,CT474,Palau,Pending,2.9%,47.97,Â£,7191696250
CM306,OR6067,CT479,Reunion,Cleared,12.4%,104.25,$,6611529483
CM345,OR7885,CT472,UK,Held,12.6%,465.46,â¬,6584811752
CM582,OR5804,CT431,Cambodia,Held,11.2%,354.58,Â¥,6697545231
CM260,OR5979,CT459,Guam,Cleared,5.6%,2890.22,$,8034149476
CM253,OR7177,CT496,UK,Pending,8.0%,137.55,Â£,1479006165
CM098,OR6449,CT440,Kaaimaneilanden,Cleared,15.3%,281.23,â¬,6748497716
CM381,OR5928,CT526,UK,Held,5.2%,14.03,$,4962580755
CM001,OR6163,CT568,Jordan,Held,7.4%,203.01,â¬,5119622720
CM025,OR6260,CT529,El Salvador,Held,8.4%,119.47,Â¥,4001904343
CM394,OR7700,CT555,Cuba,Pending,5.4%,182.88,â¬,3823325463
CM446,OR6265,CT438,Trinidad and Tobago,Cleared,11.8%,2368.26,$,5610863376
CM568,OR5735,CT418,Australia,Pending,6.7%,186.51,â¬,5023706860
CM379,OR7530,CT422,UK,Cleared,2.8%,104.84,Â£,8265086233
CM012,OR6101,CT532,UK,Cleared,9.5%,267.64,$,5875398700
CM217,OR7318,CT402,UK,Held,0.1%,0.18,Â¥,6915729845
CM951,OR7193,CT546,Egypt,Cleared,5.2%,462.01,$,9535390213
CM484,OR6062,CT520,Tajikistan,Held,2.6%,18.4,Â£,3753978132
CM539,OR6286,CT409,Mexico,Cleared,0.7%,85.65,â¬,9210076250
CM078,OR7432,CT490,Moldavie,Held,7.2%,40.3,$,6311142055
CM977,OR7816,CT468,Serbien und Montenegro,Held,1.0%,107.42,Â£,3754438058
CM828,OR6400,CT446,UK,Held,3.4%,437.78,Â£,8916681608
CM669,OR5970,CT521,Litouwen,Pending,1.8%,42.41,Â¥,9655877244
CM211,OR5888,CT510,Sudan,Held,10.7%,535.32,â¬,5689776367
CM998,OR5922,CT457,UK,Held,3.3%,888.63,â¬,9469334121
CM468,OR7150,CT492,Inde,Pending,1.1%,139.75,$,9012259488
CM171,OR6875,CT485,France,Pending,2.5%,102.86,â¬,4176176559
CM333,OR7151,CT561,UK,Held,4.5%,63.66,â¬,7075641922
CM985,OR6606,CT421,El Salvador,Held,1.6%,136.61,â¬,8522018321
CM614,OR7922,CT552,Svezia,Cleared,21.9%,140.94,Â¥,2385869373
CM867,OR7004,CT521,Estland,Cleared,1.1%,33.46,$,4343367127
CM561,OR7954,CT470,Malawi,Cleared,9.6%,132.61,$,5985932508
CM641,OR6814,CT411,Iceland,Cleared,10.4%,229.82,Â¥,1876059163
CM051,OR7896,CT501,Portugal,Pending,18.3%,301.76,Â£,1873017838
CM285,OR6638,CT539,Timor-Leste,Cleared,6.7%,109.53,Â¥,8392982080
CM355,OR6389,CT434,Inde,Cleared,8.9%,968.09,$,5599824654
CM204,OR7397,CT535,UK,Cleared,8.5%,1611.88,Â£,1324275734
CM243,OR7285,CT434,UK,Cleared,8.4%,256.6,Â¥,5561393733
CM135,OR7896,CT479,Armenien,Cleared,5.3%,122.61,Â¥,3709732410
CM186,OR6783,CT517,Greenland,Cleared,7.7%,291.25,$,7882811854
CM136,OR5843,CT525,Nauru,Cleared,2.9%,42.01,$,7082216598
CM370,OR7921,CT543,Seychellen,Pending,5.7%,684.9,Â¥,3114662548
CM733,OR7780,CT579,Guinea-Bissau,Held,4.4%,620.15,Â£,3251806430
CM184,OR6289,CT442,Pitcairn Islands,Pending,3.5%,222.82,â¬,8595405484
CM141,OR7699,CT542,Somalia,Held,1.4%,8.78,â¬,4527277783
CM322,OR6628,CT412,UK,Cleared,11.8%,430.87,â¬,6012218743
CM438,OR6222,CT529,Macao,Held,3.3%,618.42,$,8729460087
CM626,OR7430,CT568,Niederlande,Pending,20.0%,1177.41,â¬,2382738688
CM366,OR5855,CT572,Bosnia and Herzegovina,Cleared,5.9%,236.8,Â£,4756644591
CM838,OR7028,CT563,France,Held,2.0%,436.35,Â£,3727003681
CM065,OR7079,CT530,Saint Kitts and Nevis,Held,0.0%,0,â¬,4278878884
CM235,OR7138,CT560,UK,Pending,7.7%,163.52,Â¥,5060893515
CM428,OR7291,CT551,Congo,Held,5.0%,272.13,â¬,3463678752
CM030,OR5812,CT471,Cambodja,Cleared,5.6%,75.83,$,8656964019
CM151,OR6238,CT587,Tunisia,Held,4.0%,202.93,Â£,2855528566
CM206,OR7350,CT580,Saint Pierre et Miquelon,Held,3.2%,82.45,Â¥,4366243660
CM441,OR6426,CT575,UK,Cleared,3.5%,268.22,â¬,3063658268
CM183,OR6945,CT495,Marokko,Held,5.2%,1493.28,$,2969037508
CM878,OR6210,CT499,Guinea,Pending,7.6%,74.48,Â¥,5943351716
CM697,OR7402,CT581,Timor,Pending,5.0%,210.2,â¬,8389594769
CM855,OR7201,CT580,Angola,Held,7.2%,312.56,Â£,5808426468
CM707,OR7577,CT440,Marshall Islands,Cleared,5.9%,287.29,$,9849325731
CM736,OR5924,CT544,Qatar,Held,15.2%,251.39,â¬,6756454067
CM104,OR6649,CT551,Alemanha,Cleared,9.3%,313.98,Â£,1315840485
CM392,OR6697,CT463,UK,Held,16.7%,545.54,Â¥,2395859543
CM117,OR7685,CT462,UK,Pending,0.9%,108.47,$,2917957322
CM705,OR6090,CT484,Ivoorkust,Pending,8.7%,274.19,Â£,5731439012
CM233,OR7371,CT538,Pakistan,Held,7.7%,462.01,â¬,7405051834
CM836,OR5764,CT536,Kiribati,Cleared,0.4%,36.78,Â¥,7961466922
CM652,OR6338,CT477,Montserrat,Held,3.1%,30.19,â¬,3516568000
CM478,OR7083,CT402,Mexico,Pending,0.7%,17.76,â¬,2700312816
CM213,OR6522,CT440,New Zealand,Pending,5.4%,139.08,$,8558189689
CM811,OR7030,CT478,Saoedi-Arabie,Cleared,5.7%,39.76,$,8975066828
CM621,OR7830,CT480,New Caledonia,Pending,3.1%,479.63,$,9133298850
CM156,OR7224,CT448,Burkina Faso,Held,2.6%,50.55,Â£,4490114793
CM044,OR7099,CT523,Christmas Island,Pending,5.8%,116.02,Â¥,6142876686
CM158,OR6364,CT576,Camerun,Held,5.3%,61.01,Â¥,3404058111
CM908,OR6246,CT465,UK,Cleared,3.5%,46.86,Â¥,2621995424
CM404,OR6214,CT442,Republica Popular Democratica de Corea,Held,5.2%,14.95,Â£,8110174731
CM759,OR5699,CT424,UK,Pending,4.5%,96.66,Â¥,8111250752
CM642,OR7676,CT578,Congo,Cleared,2.0%,1319,Â£,7943847830
CM029,OR5873,CT528,Algeria,Held,5.2%,1111.27,â¬,5470997828
CM823,OR6431,CT587,India,Cleared,3.9%,378.34,Â£,4997991955
CM699,OR6322,CT490,Libano,Held,2.7%,192.59,Â¥,3733260914
CM357,OR6709,CT566,Cocos (Keeling) Islands,Held,9.2%,142.14,Â£,1257713574
CM291,OR6052,CT514,Katar,Pending,2.5%,1540.06,Â¥,3595337534
CM769,OR5903,CT471,Micronesie (Etats federes de),Held,5.8%,1006.92,Â£,3813968176
CM928,OR5984,CT594,Canada,Held,2.6%,83.22,â¬,4198028789
CM533,OR7464,CT496,Indonesia,Held,0.4%,69.57,â¬,3285471150
CM397,OR7726,CT579,Afganistan,Cleared,5.4%,330.1,Â£,3814530948
CM353,OR7498,CT492,Servie,Held,0.5%,2.46,â¬,8939195092
CM282,OR6576,CT465,Colombia,Pending,7.1%,944.98,â¬,7365255806
CM452,OR7560,CT529,Cayman Islands,Cleared,6.9%,41.37,Â¥,4321435974
CM681,OR6207,CT497,Swazilandia,Pending,4.5%,119.15,Â£,1075671796
CM600,OR5967,CT434,Tunisia,Held,5.5%,218.49,Â¥,9142553732
CM786,OR6790,CT442,Isle of Man,Held,2.2%,69.55,Â£,2836749798
CM066,OR7868,CT465,Equatorial Guinea,Pending,4.9%,583.66,â¬,7940581449
CM384,OR6408,CT555,Benin,Cleared,9.8%,1102.2,Â£,5895533495
CM427,OR6402,CT584,Fiji,Pending,12.8%,363.3,Â£,1654273016
CM076,OR7089,CT435,UK,Held,12.8%,12.59,Â¥,6741160789
CM701,OR7228,CT584,UK,Held,0.2%,1.02,$,3622817501
CM138,OR7177,CT550,Philippines,Held,11.5%,116.01,Â¥,5035355953
CM771,OR6891,CT525,UK,Pending,5.3%,33.55,Â¥,7558612365
CM149,OR7486,CT490,Wallis und Futuna,Cleared,5.5%,61.87,Â£,5743932011
CM664,OR7194,CT578,UK,Held,2.7%,102.16,Â£,7237616038
CM198,OR6709,CT542,Niue,Pending,5.8%,66.49,Â¥,1003650027
CM651,OR6776,CT481,Croacia,Pending,10.5%,194.11,â¬,5516523215
CM653,OR6876,CT578,Bulgaria,Pending,3.0%,39.69,â¬,2989076144
CM111,OR6896,CT573,China,Pending,4.7%,167.35,â¬,9720219057
CM673,OR7736,CT530,Finlande,Pending,2.0%,139.73,â¬,9431379305
CM024,OR7742,CT550,Tschechische Republik,Pending,0.2%,1.6,Â£,7179739308
CM894,OR5879,CT583,Grecia,Held,2.0%,1107.97,Â¥,3799560132
CM911,OR6420,CT521,Peru,Pending,12.3%,357,Â¥,6696369875
CM002,OR5995,CT501,Monserrate,Held,5.9%,209.06,Â¥,4751037622
CM485,OR7529,CT473,Reunion,Cleared,5.5%,265.17,$,3385496051
CM091,OR6115,CT407,Ukraine,Cleared,5.3%,356.98,Â¥,1053136518
CM526,OR7864,CT445,Micronesia,Cleared,0.8%,0.15,â¬,8582576596
CM591,OR6975,CT402,Kiribati,Pending,2.5%,19.26,Â¥,4715995804
CM833,OR6863,CT567,Guinea,Cleared,3.6%,256.8,â¬,3714147022
CM511,OR6332,CT592,Germany,Held,1.8%,20.37,$,7175121030
CM722,OR6566,CT580,Malawi,Pending,1.0%,141.21,$,2586378230
CM787,OR6169,CT533,Uganda,Cleared,5.8%,381.05,Â£,3110730678
CM284,OR7446,CT517,Gambia,Cleared,3.9%,351.27,â¬,7897005698
CM728,OR6794,CT533,UK,Held,24.6%,2205.22,Â¥,2045676921
CM170,OR7648,CT471,UK,Cleared,2.1%,120.53,â¬,4046872070
CM569,OR6014,CT524,United Arab Emirates,Cleared,1.0%,30.33,$,3956091803
CM665,OR6286,CT465,Gambia,Pending,2.7%,608.85,Â¥,7639058242
CM239,OR6211,CT531,Martinique,Pending,0.5%,19.55,Â£,7458397545
CM464,OR6137,CT446,Gibilterra,Held,5.4%,340.94,Â£,8680133623
CM214,OR7254,CT467,Papua New Guinea,Cleared,6.8%,301.08,â¬,1184787506
CM879,OR7713,CT456,Argelia,Pending,3.2%,1526.48,â¬,2780979849
CM378,OR5740,CT456,Suriname,Held,0.8%,43.79,Â£,4890029301
CM064,OR7982,CT493,Bouvet Island (Bouvetoya),Held,1.3%,75.45,$,3898695736
CM935,OR5759,CT529,Territorios Austrais Franceses,Held,4.6%,283.99,$,7094327028
CM860,OR6522,CT494,Liberia,Pending,2.9%,188.27,$,1027623613
CM690,OR7300,CT572,Bosnia and Herzegovina,Pending,12.0%,245.31,â¬,6327502800
CM036,OR7695,CT505,Jersey,Cleared,13.1%,361.34,â¬,2400118009
CM050,OR7681,CT555,Tonga,Pending,4.0%,187.42,$,3871169408
CM488,OR6950,CT425,Germany,Pending,16.8%,167.08,Â¥,6540873135
CM252,OR7341,CT425,Vanuatu,Held,5.5%,175.35,â¬,7664606959
CM447,OR5770,CT413,Mayotte,Held,5.2%,389.37,Â£,6131159223
CM638,OR6166,CT488,Luxembourg,Cleared,2.0%,132.38,Â£,4022340926
CM747,OR6127,CT506,UK,Held,4.2%,530.31,Â£,9578706351
CM390,OR7356,CT583,Regno Unito,Pending,7.1%,3766.2,â¬,7997488615
CM188,OR6177,CT405,Santa Helena,Pending,8.6%,114.26,Â¥,6025971693
CM820,OR7164,CT500,Philippines,Held,0.6%,3.16,â¬,1223839752
CM717,OR6003,CT493,UK,Pending,5.5%,9149.43,Â£,8392981810
CM962,OR6378,CT402,Lithuania,Pending,10.8%,2805.18,Â£,5903817644
CM602,OR7708,CT417,Macau,Pending,0.0%,0,â¬,1072339388
CM388,OR6234,CT570,Togo,Pending,7.1%,478.26,$,9832859940
CM061,OR6642,CT548,Georgie du Sud et Sandwich du Sud (Iles),Cleared,10.2%,178.55,Â£,6786201963
CM133,OR7429,CT434,Marshall Islands,Pending,2.5%,360.36,â¬,9049753524
CM038,OR6345,CT518,Bouvet (Iles),Held,6.7%,74.27,$,7654567087
CM870,OR6865,CT438,Madagascar,Pending,2.3%,56.17,Â¥,1089406769
CM221,OR7135,CT455,UK,Held,3.1%,156.21,$,2525832304
CM245,OR6176,CT546,Korea,Cleared,0.9%,58.14,Â£,2734693921
CM139,OR5746,CT596,UK,Pending,7.3%,152.41,â¬,5928914461
CM712,OR5948,CT446,Bahrain,Pending,2.8%,150.51,Â£,8076754486
CM416,OR6881,CT420,Chad,Held,3.7%,29.32,Â£,1171306415
CM884,OR6964,CT429,Equatorial Guinea,Held,2.3%,234.52,Â¥,2632191072
CM218,OR7234,CT497,UK,Pending,7.6%,211.09,Â£,5405091191
CM744,OR7758,CT473,Andorra,Held,0.1%,8.17,Â¥,9584018076
CM903,OR7447,CT436,UK,Cleared,2.0%,59.83,Â¥,9413893343
CM694,OR6686,CT415,UK,Held,3.5%,175.76,â¬,3517296127
CM688,OR5898,CT552,Isola di Man,Pending,10.4%,224.83,$,5747807885
CM430,OR6122,CT476,UK,Held,10.9%,1672.06,Â¥,5842911397
CM140,OR6078,CT416,Tunisie,Cleared,1.6%,134.17,$,7390376841
CM509,OR6359,CT430,Puerto Rico,Cleared,16.5%,163.57,Â¥,6408651921
CM445,OR6296,CT500,Niger,Pending,0.9%,42.43,â¬,4444609990
CM817,OR7088,CT568,Norway,Pending,1.2%,892.38,Â¥,9944602831
CM309,OR5785,CT496,Reino Unido,Cleared,15.9%,55.48,â¬,6794178666
CM358,OR7765,CT581,Australia,Held,0.5%,8.2,$,1129412224
CM930,OR5822,CT566,Paraguay,Held,9.2%,2628.9,Â¥,1225358465
CM818,OR5708,CT467,Vanuatu,Cleared,0.9%,6.73,Â£,8146796459
CM209,OR6941,CT489,Costa d'Avorio,Pending,6.3%,296.53,Â¥,4334442396
CM679,OR6499,CT533,Georgia,Cleared,4.6%,254.65,Â£,3316528143
CM329,OR6614,CT472,Jersey,Cleared,1.2%,39.19,Â¥,3118358495
CM528,OR6466,CT528,UK,Cleared,8.8%,1712.92,Â£,5467121513
CM434,OR6256,CT435,Aruba,Held,2.0%,48.32,â¬,8739069704
CM897,OR6897,CT543,Armenia,Pending,4.0%,104.49,Â¥,9969887053
CM301,OR6892,CT448,Polynesie francaise,Held,7.0%,537.07,â¬,7299578969
CM530,OR7068,CT505,Guyane francaise,Held,11.5%,240.56,$,5427519143
CM003,OR7687,CT523,UK,Cleared,2.5%,929.28,Â£,1164515514
CM770,OR6649,CT565,Benin,Cleared,3.4%,457.95,Â£,2578610322
CM801,OR5785,CT485,UK,Pending,5.0%,148.56,$,2922084080
CM010,OR7385,CT489,Ethiopia,Pending,16.5%,456.5,â¬,1826146223
CM313,OR7128,CT571,France,Cleared,0.6%,114.9,$,1578991243
CM847,OR7948,CT597,Netherlands Antilles,Pending,3.7%,157.55,â¬,4006949459
CM352,OR6254,CT536,Reino Unido de Gran Bretana e Irlanda del Norte,Pending,0.9%,294.73,$,9652000245
CM080,OR7747,CT453,Republica Centro-Africana,Cleared,4.6%,421.82,â¬,2669171085
CM229,OR7820,CT544,Polynesie francaise,Cleared,6.5%,397.11,â¬,7924697880
CM417,OR7943,CT511,Israel,Held,11.0%,192.92,Â¥,6318607591
CM713,OR5845,CT418,Portogallo,Pending,7.2%,183.81,Â£,4242455396
CM647,OR6532,CT514,Gibraltar,Cleared,4.9%,50.62,$,3468243182
CM880,OR6269,CT485,Qatar,Held,5.2%,341.3,Â¥,4590672029
CM601,OR7635,CT453,Bouvetinsel,Pending,2.9%,626.11,Â£,9067745436
CM726,OR7578,CT406,Egipto,Held,3.5%,615.98,Â£,8995066718
CM088,OR6074,CT451,Bulgaria,Cleared,6.0%,149.07,Â¥,5881085606
CM314,OR6753,CT508,Yemen,Pending,4.7%,176.99,$,7766600439
CM893,OR5850,CT409,Nigeria,Cleared,0.5%,309.91,Â¥,3722780823
CM101,OR7540,CT580,UK,Held,16.5%,114.04,Â¥,2476936059
CM991,OR6220,CT418,UK,Pending,1.6%,184.51,Â£,9218119559
CM758,OR6507,CT447,Swaziland,Held,1.1%,85.48,Â¥,9533474586
CM718,OR6578,CT432,Botsuana,Cleared,5.8%,499.65,Â£,9592473895
CM436,OR6777,CT506,Yemen,Pending,10.4%,160.46,$,2364275797
CM248,OR7840,CT501,Syrie,Cleared,2.2%,111.56,$,7776593776
CM716,OR6996,CT509,UK,Pending,10.6%,534.85,Â£,5643395182
CM419,OR6521,CT454,UK,Cleared,1.0%,34.13,Â£,3073238831
CM773,OR7987,CT495,Saint Vincent and the Grenadines,Held,4.8%,318.65,â¬,8091148110
CM039,OR6601,CT411,UK,Cleared,7.2%,290.3,â¬,7873632365
CM982,OR7966,CT453,Germany,Pending,0.9%,271.6,Â¥,3188603800
CM965,OR5824,CT411,UK,Pending,3.9%,238.75,â¬,3490636893
CM953,OR7882,CT464,UK,Held,5.7%,140.27,â¬,7701893507
CM804,OR6184,CT444,UK,Cleared,2.1%,261.84,Â£,9622151550
CM349,OR6629,CT512,Guame,Cleared,0.2%,17.39,â¬,3722438383
CM336,OR7703,CT483,Saint Barthelemy,Pending,5.6%,171.44,Â£,6353657847
CM693,OR7432,CT426,Franca,Held,22.7%,517.56,$,2208589062
CM045,OR7603,CT421,Saint Martin,Held,10.0%,184.22,Â£,2048396525
CM776,OR7573,CT575,Tonga,Cleared,16.8%,243.16,Â£,1648101614
CM153,OR6715,CT408,Armenia,Held,9.5%,28.44,Â¥,2477882069
CM474,OR7799,CT539,Faeroer,Pending,11.6%,67.89,Â£,5838707858
CM247,OR7633,CT561,Finlandia,Pending,5.2%,124.24,Â¥,3053715007
CM167,OR7649,CT554,Saint Martin,Held,21.8%,82.67,â¬,2375821746
CM020,OR7957,CT560,Papoea-Nieuw-Guinea,Cleared,7.0%,272.74,Â¥,4529813929
CM534,OR6208,CT522,Argelia,Cleared,8.4%,137.78,Â¥,5336167941
CM181,OR6559,CT490,India,Cleared,4.4%,1015.58,Â£,7848160278
CM997,OR6161,CT440,Rwanda,Cleared,6.4%,116.67,Â¥,6023772360
CM185,OR7623,CT482,UK,Cleared,5.0%,58.72,Â£,4999656853
CM442,OR6489,CT561,Bahrain,Pending,3.1%,102.37,â¬,4779457873
CM120,OR7573,CT527,Westelijke Sahara,Pending,10.5%,93,$,6484571486
CM754,OR5801,CT495,Belarus,Held,6.9%,208.58,â¬,6030903889
CM841,OR7718,CT462,Croatie,Cleared,1.4%,74.27,â¬,4843714798
CM129,OR6816,CT438,Vatican (Etat du),Held,2.7%,185.66,â¬,8439348551
CM751,OR7974,CT446,Guinea,Held,2.9%,170.87,â¬,3016186783
CM457,OR7907,CT440,Irland,Cleared,4.3%,146.86,$,2521889651
CM891,OR6808,CT426,Republica Democratica Popular Lao,Cleared,3.8%,567.17,Â¥,2780538417
CM730,OR5763,CT445,Norway,Pending,2.5%,590.2,Â£,9495197574
CM677,OR7230,CT423,Comoros,Cleared,5.5%,115.48,Â¥,4044476322
CM857,OR7015,CT444,Osttimor,Held,4.4%,146.52,â¬,3577315405
CM172,OR6767,CT518,Malawi,Held,14.6%,52.63,â¬,2030983781
CM767,OR7594,CT402,UK,Held,8.1%,568.02,â¬,3920768903
CM594,OR6923,CT438,UK,Pending,4.3%,792.27,Â£,3533768926
CM560,OR6431,CT595,Lettonie,Cleared,7.8%,149.97,â¬,1938210331
CM052,OR7495,CT438,Trinidad and Tobago,Cleared,5.4%,740.57,â¬,3230341457
CM037,OR7738,CT450,Pologne,Held,15.2%,579.18,$,6453863621
CM863,OR7430,CT505,UK,Held,3.1%,30.51,Â£,6854259404
CM803,OR7512,CT497,Turkmenistan,Pending,1.5%,97.1,$,7741475362
CM949,OR7454,CT567,Bolivia,Pending,7.7%,304.24,$,7264910762
CM433,OR6454,CT517,Bangladesh,Cleared,0.9%,25.82,Â¥,1587418154
CM869,OR6193,CT585,Bahamas,Cleared,1.9%,12.69,Â£,4001655927
CM789,OR6105,CT528,UK,Pending,10.5%,56.5,â¬,5019967788
CM537,OR5831,CT511,UK,Cleared,0.2%,10.53,Â£,3815435086
CM692,OR5869,CT576,UK,Pending,6.4%,271,Â¥,6835644195
CM521,OR7098,CT440,Denmark,Pending,10.2%,57.71,Â£,5214110714
CM648,OR6429,CT503,Korea,Cleared,7.0%,107.6,$,4430415880
CM499,OR6651,CT582,Lithuania,Held,3.6%,309.58,Â£,4530007246
CM456,OR7793,CT483,Albania,Pending,8.1%,265.42,$,6167615834
CM389,OR7513,CT598,Syrian Arab Republic,Held,2.9%,225.58,$,9437940515
CM948,OR6743,CT488,Papua New Guinea,Pending,4.0%,6954.2,Â¥,9447026639
CM356,OR5822,CT518,Thailande,Pending,3.8%,9.99,$,4645771884
CM607,OR7918,CT583,Kokosinseln,Cleared,3.0%,62.13,Â¥,6987764469
CM640,OR6776,CT557,Netherlands Antilles,Cleared,14.2%,289.87,Â£,6596882837
CM981,OR5923,CT459,Barbados,Pending,24.8%,275.68,$,2415933761
CM958,OR6199,CT491,UK,Pending,8.4%,279.7,â¬,6000680078
CM327,OR7384,CT503,Guatemala,Held,0.2%,4.56,Â¥,2590807472
CM644,OR5793,CT509,Dominicana,Cleared,3.3%,20.2,$,6834366039
CM074,OR7062,CT524,Russia,Pending,2.4%,216.13,Â£,3520534954
CM646,OR7991,CT588,Korea,Pending,4.7%,78.34,$,9610889218
CM410,OR5727,CT555,Sahara Occidental,Cleared,1.9%,53.25,Â£,6987278349
CM995,OR7414,CT500,Allemagne,Held,0.1%,2.24,Â¥,7362402308
CM567,OR7786,CT490,Palau,Held,2.5%,269.47,$,7290653331
CM157,OR7377,CT457,American Samoa,Cleared,1.2%,82.77,Â£,9082000618
CM250,OR6429,CT457,Aruba,Cleared,5.4%,386.98,â¬,4345454209
CM852,OR7797,CT590,UK,Cleared,7.1%,61.71,Â¥,6954734547
CM542,OR7144,CT414,Japan,Cleared,1.6%,171.07,Â¥,7743661926
CM179,OR7808,CT522,Arabia Saudita,Held,0.3%,13,Â¥,4471646216
CM952,OR6694,CT441,Barbados,Pending,0.7%,26.67,Â£,7034940517
CM318,OR6137,CT513,Tunesien,Pending,6.3%,841.47,â¬,7448153359
CM631,OR6579,CT550,UK,Held,2.0%,18.65,Â¥,8197882707
CM200,OR5792,CT466,Kuwait,Cleared,1.1%,173.19,Â£,9979086022
CM529,OR7330,CT494,Zaire,Cleared,2.8%,138.55,Â£,7128373652
CM173,OR6272,CT453,UK,Cleared,22.4%,8.27,â¬,1894310995
CM458,OR6704,CT577,Republik Moldau,Held,3.5%,108.58,Â¥,3188505964
CM829,OR6225,CT550,UK,Held,2.4%,1022.75,$,3021839029
CM768,OR6048,CT439,Nigeria,Cleared,21.0%,110.93,Â£,2213358980
CM675,OR6073,CT456,UK,Cleared,2.0%,72.76,Â£,3754481313